Cityv,Cloudiness,Countryv,Datev,Humidity,Latitude,Longitude,MaxTemp,WindSpeed,StdDate,Mt_F,tmp_C
Barrow,1,US,1585679678,70,71.29,-156.79,256.15,6.2,2020-03-31,89.38399999999999,-17.0
Ushuaia,75,AR,1585679965,71,-54.8,-68.3,284.15,7.2,2020-03-31,89.38399999999999,11.0
Saint Paul Harbor,1,US,1585679965,46,57.79,-152.41,271.15,2.05,2020-03-31,89.38399999999999,-2.0
Nouadhibou,100,MR,1585679917,56,20.93,-17.03,296.15,5.1,2020-03-31,89.38399999999999,23.0
Gladstone,0,AU,1585679966,88,-23.85,151.25,294.15,2.1,2020-03-31,89.38399999999999,21.0
Punta Arenas,75,CL,1585679966,54,-53.15,-70.92,287.15,9.3,2020-03-31,89.38399999999999,14.0
San Patricio,5,MX,1585679966,78,19.22,-104.7,301.15,3.1,2020-03-31,89.38399999999999,28.0
Butaritari,100,KI,1585679966,81,3.07,172.79,301.51,7.39,2020-03-31,89.38399999999999,28.360000000000014
Bluff,7,NZ,1585679967,97,-46.6,168.33,283.71,1.86,2020-03-31,89.38399999999999,10.560000000000002
Comodoro Rivadavia,16,AR,1585679967,52,-45.87,-67.5,292.15,2.6,2020-03-31,89.38399999999999,19.0
Atuona,0,PF,1585679967,78,-9.8,-139.03,300.97,6.68,2020-03-31,89.38399999999999,27.82000000000005
Mataura,9,NZ,1585679967,97,-46.19,168.86,283.71,1.02,2020-03-31,89.38399999999999,10.560000000000002
Hobyo,77,SO,1585679968,72,5.35,48.53,302.6,6.86,2020-03-31,89.38399999999999,29.450000000000045
Nanortalik,35,GL,1585679968,86,60.14,-45.24,274.41,6.97,2020-03-31,89.38399999999999,1.2600000000000477
Dukat,1,RU,1585679968,80,62.55,155.55,253.28,3.27,2020-03-31,89.38399999999999,-19.869999999999976
Umm Kaddadah,3,SD,1585679968,10,13.6,26.69,304.32,4.1,2020-03-31,89.38399999999999,31.170000000000016
Palana,99,RU,1585679969,95,59.12,159.97,264.26,5.11,2020-03-31,89.38399999999999,-8.889999999999986
Port Alfred,97,ZA,1585679969,97,-33.59,26.89,290.37,3.58,2020-03-31,89.38399999999999,17.220000000000027
Dingle,2,PH,1585679969,79,11.0,122.67,298.54,2.82,2020-03-31,89.38399999999999,25.390000000000043
Vaini,75,TO,1585679970,100,-21.2,-175.2,297.15,1.0,2020-03-31,89.38399999999999,24.0
Mahébourg,20,MU,1585679970,94,-20.41,57.7,299.15,5.13,2020-03-31,89.38399999999999,26.0
Cape Town,20,ZA,1585679402,72,-33.93,18.42,290.93,7.2,2020-03-31,89.38399999999999,17.78000000000003
Tuktoyaktuk,5,CA,1585679970,64,69.45,-133.04,254.15,7.7,2020-03-31,89.38399999999999,-18.99999999999997
Vievis,75,LT,1585679971,43,54.77,24.8,274.15,2.6,2020-03-31,89.38399999999999,1.0
Kendari,100,ID,1585679971,94,-3.94,122.5,297.27,1.88,2020-03-31,89.38399999999999,24.120000000000005
Rikitea,95,PF,1585679972,74,-23.12,-134.97,298.94,3.72,2020-03-31,89.38399999999999,25.79000000000002
Lüderitz,0,NA,1585679972,63,-26.65,15.16,292.15,7.2,2020-03-31,89.38399999999999,19.0
Meiktila,0,MM,1585679972,29,20.87,95.87,298.92,3.28,2020-03-31,89.38399999999999,25.77000000000004
Kahului,20,US,1585679972,73,20.89,-156.47,296.15,5.7,2020-03-31,89.38399999999999,23.0
Oxford,20,GB,1585679746,74,51.75,-1.26,282.59,4.1,2020-03-31,89.38399999999999,9.439999999999998
Fortuna,75,US,1585679973,100,40.6,-124.16,285.37,2.44,2020-03-31,89.38399999999999,12.220000000000027
Komatsu,90,JP,1585679973,81,36.4,136.45,285.15,0.5,2020-03-31,89.38399999999999,12.0
Faanui,1,PF,1585679973,78,-16.48,-151.75,301.23,5.87,2020-03-31,89.38399999999999,28.08000000000004
Birjand,69,IR,1585679974,70,32.87,59.22,281.15,2.1,2020-03-31,89.38399999999999,8.0
Coquimbo,20,CL,1585679974,77,-29.95,-71.34,291.15,6.2,2020-03-31,89.38399999999999,18.0
Khatanga,91,RU,1585679974,89,71.97,102.5,250.01,4.57,2020-03-31,89.38399999999999,-23.139999999999986
Hithadhoo,93,MV,1585679974,70,-0.6,73.08,301.75,4.36,2020-03-31,89.38399999999999,28.600000000000023
Makakilo City,40,US,1585679774,100,21.35,-158.09,299.15,2.6,2020-03-31,89.38399999999999,26.0
Avarua,40,CK,1585679975,88,-21.21,-159.78,300.15,5.7,2020-03-31,89.38399999999999,27.0
Airai,56,TL,1585679975,68,-8.93,125.41,289.12,0.56,2020-03-31,89.38399999999999,15.970000000000027
Upernavik,96,GL,1585679975,88,72.79,-56.15,255.06,13.2,2020-03-31,89.38399999999999,-18.089999999999975
Castro,9,BR,1585679975,35,-24.79,-50.01,300.28,1.52,2020-03-31,89.38399999999999,27.129999999999995
Tam Ky,20,VN,1585679976,88,15.57,108.48,299.15,4.1,2020-03-31,89.38399999999999,26.0
Jamestown,90,US,1585679752,75,42.1,-79.24,280.37,2.6,2020-03-31,89.38399999999999,7.220000000000027
New Norfolk,76,AU,1585679976,81,-42.78,147.06,287.59,3.1,2020-03-31,89.38399999999999,14.439999999999998
Bredasdorp,38,ZA,1585679976,68,-34.53,20.04,291.15,3.6,2020-03-31,89.38399999999999,18.0
Palmer,75,US,1585679977,52,42.16,-72.33,282.59,1.28,2020-03-31,89.38399999999999,9.439999999999998
Ostrovnoy,100,RU,1585679977,92,68.05,39.51,266.9,8.11,2020-03-31,89.38399999999999,-6.25
Guarujá,75,BR,1585679977,69,-23.99,-46.26,301.15,2.1,2020-03-31,89.38399999999999,28.0
Norman Wells,5,CA,1585679978,50,65.28,-126.83,258.15,8.7,2020-03-31,89.38399999999999,-15.0
Ribeira Grande,73,PT,1585679978,66,38.52,-28.7,287.13,12.85,2020-03-31,89.38399999999999,13.980000000000018
Puerto Ayora,20,EC,1585679978,70,-0.74,-90.35,302.15,4.1,2020-03-31,89.38399999999999,29.0
Sangar,100,RU,1585679978,94,63.92,127.47,265.28,4.08,2020-03-31,89.38399999999999,-7.8700000000000045
George Town,20,MY,1585679711,88,5.41,100.34,302.15,1.5,2020-03-31,89.38399999999999,29.0
Naryan-Mar,45,RU,1585679979,96,67.67,53.09,259.65,0.67,2020-03-31,89.38399999999999,-13.5
Sabang,83,ID,1585679979,72,5.89,95.32,301.37,2.02,2020-03-31,89.38399999999999,28.220000000000027
Codrington,1,AU,1585679979,89,-38.27,141.97,287.25,2.9,2020-03-31,89.38399999999999,14.100000000000023
Iqaluit,75,CA,1585679980,58,63.75,-68.51,254.15,2.1,2020-03-31,89.38399999999999,-18.99999999999997
Olafsvik,99,IS,1585679980,83,64.89,-23.71,276.13,11.23,2020-03-31,89.38399999999999,2.980000000000018
Mogocha,81,RU,1585679980,86,53.73,119.77,269.27,2.52,2020-03-31,89.38399999999999,-3.8799999999999955
Trelew,67,AR,1585679980,26,-43.25,-65.31,296.38,9.23,2020-03-31,89.38399999999999,23.230000000000018
Arraial do Cabo,75,BR,1585679980,74,-22.97,-42.03,301.15,4.6,2020-03-31,89.38399999999999,28.0
Praia,55,CV,1585679981,28,14.92,-23.51,301.15,6.7,2020-03-31,89.38399999999999,28.0
Katsuura,75,JP,1585679981,87,35.13,140.3,284.15,4.6,2020-03-31,89.38399999999999,11.0
Yellowknife,20,CA,1585679981,53,62.46,-114.35,255.37,3.1,2020-03-31,89.38399999999999,-17.779999999999973
Albany,90,US,1585679721,61,42.6,-73.97,281.15,3.1,2020-03-31,89.38399999999999,8.0
Ritchie,40,ZA,1585679982,88,-29.04,24.6,293.15,5.1,2020-03-31,89.38399999999999,20.0
Uray,100,RU,1585679982,96,60.12,64.78,274.45,2.58,2020-03-31,89.38399999999999,1.3000000000000114
Kapaa,20,US,1585679982,78,22.08,-159.32,296.15,5.1,2020-03-31,89.38399999999999,23.0
Hobart,73,AU,1585679982,81,-42.88,147.33,287.59,3.1,2020-03-31,89.38399999999999,14.439999999999998
Caruaru,58,BR,1585679983,45,-8.28,-35.98,302.35,5.66,2020-03-31,89.38399999999999,29.200000000000045
Hilo,90,US,1585679983,83,19.73,-155.09,295.93,1.5,2020-03-31,89.38399999999999,22.78000000000003
Oranjemund,0,NA,1585679983,74,-28.55,16.43,289.0,5.96,2020-03-31,89.38399999999999,15.850000000000023
Nikolskoye,40,RU,1585679983,34,59.7,30.79,274.15,4.0,2020-03-31,89.38399999999999,1.0
Mutoko,6,ZW,1585679983,50,-17.4,32.23,292.08,1.92,2020-03-31,89.38399999999999,18.930000000000007
Srednekolymsk,91,RU,1585679984,87,67.45,153.68,254.62,1.85,2020-03-31,89.38399999999999,-18.529999999999973
Dikson,100,RU,1585679984,94,73.51,80.55,255.75,2.6,2020-03-31,89.38399999999999,-17.399999999999977
Miyako,100,JP,1585679984,88,39.64,141.95,282.06,5.34,2020-03-31,89.38399999999999,8.910000000000025
Statesboro,75,US,1585679985,53,32.45,-81.78,298.15,2.1,2020-03-31,89.38399999999999,25.0
East London,96,ZA,1585679985,85,-33.02,27.91,294.32,11.74,2020-03-31,89.38399999999999,21.170000000000016
Obo,56,CF,1585679985,47,5.4,26.49,299.99,0.56,2020-03-31,89.38399999999999,26.840000000000032
Samarai,100,PG,1585679985,83,-10.62,150.67,299.64,3.14,2020-03-31,89.38399999999999,26.49000000000001
Pundaguitan,94,PH,1585679986,77,6.37,126.17,300.15,5.45,2020-03-31,89.38399999999999,27.0
Saint George,1,US,1585679734,35,37.1,-113.58,290.93,0.18,2020-03-31,89.38399999999999,17.78000000000003
Victor Harbor,25,AU,1585679986,72,-35.57,138.62,290.93,0.5,2020-03-31,89.38399999999999,17.78000000000003
Lorengau,90,PG,1585679986,82,-2.02,147.27,300.62,4.89,2020-03-31,89.38399999999999,27.470000000000027
Sioux Lookout,40,CA,1585679987,30,50.1,-91.92,281.15,3.1,2020-03-31,89.38399999999999,8.0
Mīzan Teferī,93,ET,1585679987,54,6.98,35.58,293.13,1.4,2020-03-31,89.38399999999999,19.980000000000018
Itarema,90,BR,1585679987,100,-2.92,-39.92,299.15,2.6,2020-03-31,89.38399999999999,26.0
Bergen,75,NO,1585679987,87,60.39,5.33,279.26,6.7,2020-03-31,89.38399999999999,6.110000000000014
Udachny,40,RU,1585679987,77,66.42,112.4,254.15,4.0,2020-03-31,89.38399999999999,-18.99999999999997
Bose,75,IT,1585679988,62,45.46,8.01,282.04,0.5,2020-03-31,89.38399999999999,8.890000000000043
Vila Franca do Campo,40,PT,1585679988,58,37.72,-25.43,288.15,8.2,2020-03-31,89.38399999999999,15.0
Lebu,27,CL,1585679988,61,-37.62,-73.65,289.23,8.37,2020-03-31,89.38399999999999,16.08000000000004
Saskylakh,97,RU,1585679989,89,71.92,114.08,251.71,5.37,2020-03-31,89.38399999999999,-21.43999999999997
Hermanus,11,ZA,1585679989,85,-34.42,19.23,290.37,0.89,2020-03-31,89.38399999999999,17.220000000000027
Amboasary,75,MG,1585679989,94,-25.03,46.38,297.15,1.0,2020-03-31,89.38399999999999,24.0
Provideniya,21,RU,1585679989,92,64.38,-173.3,261.61,3.2,2020-03-31,89.38399999999999,-11.539999999999964
Tasiilaq,20,GL,1585679990,86,65.61,-37.64,273.15,10.3,2020-03-31,89.38399999999999,0.0
Tuyen Quang,96,VN,1585679990,73,21.82,105.22,293.13,0.61,2020-03-31,89.38399999999999,19.980000000000018
Xai-Xai,0,MZ,1585679990,74,-25.05,33.64,295.51,4.43,2020-03-31,89.38399999999999,22.360000000000014
Puerto Carreño,40,CO,1585679989,39,6.19,-67.49,308.15,3.1,2020-03-31,89.38399999999999,35.0
Busselton,94,AU,1585679990,71,-33.65,115.33,286.48,3.02,2020-03-31,89.38399999999999,13.330000000000041
Port Macquarie,12,AU,1585679991,100,-31.43,152.92,290.37,2.44,2020-03-31,89.38399999999999,17.220000000000027
Bubaque,44,GW,1585679991,69,11.28,-15.83,300.45,5.55,2020-03-31,89.38399999999999,27.30000000000001
São Filipe,58,CV,1585679991,71,14.9,-24.5,297.34,7.25,2020-03-31,89.38399999999999,24.189999999999998
Deolāli,7,IN,1585679991,19,19.95,73.83,297.95,2.88,2020-03-31,89.38399999999999,24.80000000000001
Padang,100,ID,1585679992,76,-0.95,100.35,299.18,1.88,2020-03-31,89.38399999999999,26.03000000000003
Carutapera,66,BR,1585679992,76,-1.2,-46.02,301.83,2.96,2020-03-31,89.38399999999999,28.680000000000007
Mossamedes,12,AO,1585679992,75,-15.2,12.15,296.36,5.62,2020-03-31,89.38399999999999,23.210000000000036
São José da Coroa Grande,35,BR,1585679992,65,-8.9,-35.15,302.44,4.27,2020-03-31,89.38399999999999,29.29000000000002
Terrace,75,CA,1585679993,36,54.52,-128.6,271.15,5.1,2020-03-31,89.38399999999999,-2.0
Pampas,100,PE,1585679993,30,-12.4,-74.9,285.05,3.41,2020-03-31,89.38399999999999,11.900000000000034
Haines Junction,92,CA,1585679993,78,60.75,-137.51,258.04,1.88,2020-03-31,89.38399999999999,-15.109999999999957
Kigorobya,76,UG,1585679993,56,1.62,31.31,296.32,0.61,2020-03-31,89.38399999999999,23.170000000000016
Saint-Leu,90,RE,1585679993,94,-21.15,55.28,299.15,3.6,2020-03-31,89.38399999999999,26.0
Natal,75,BR,1585679994,66,-5.79,-35.21,304.15,7.2,2020-03-31,89.38399999999999,31.0
Port Lincoln,91,AU,1585679994,76,-34.73,135.87,290.04,1.68,2020-03-31,89.38399999999999,16.890000000000043
Narsaq,20,GL,1585679994,69,60.92,-46.05,276.15,2.6,2020-03-31,89.38399999999999,3.0
Mkokotoni,20,TZ,1585679994,79,-5.88,39.25,302.15,4.89,2020-03-31,89.38399999999999,29.0
Ponta do Sol,40,PT,1585679995,63,32.67,-17.1,291.48,6.7,2020-03-31,89.38399999999999,18.33000000000004
Rādhanpur,0,IN,1585679995,48,23.83,71.6,300.5,5.11,2020-03-31,89.38399999999999,27.350000000000023
Byron Bay,59,AU,1585679995,94,-28.65,153.62,295.15,2.6,2020-03-31,89.38399999999999,22.0
Port Elizabeth,95,ZA,1585679878,88,-33.92,25.57,290.15,10.3,2020-03-31,89.38399999999999,17.0
Cidreira,82,BR,1585679995,70,-30.18,-50.21,298.92,5.67,2020-03-31,89.38399999999999,25.77000000000004
Bandiagara,10,ML,1585679996,10,14.35,-3.61,312.15,8.2,2020-03-31,89.38399999999999,39.0
Paamiut,15,GL,1585679996,93,61.99,-49.67,269.33,10.08,2020-03-31,89.38399999999999,-3.819999999999993
Tahe,67,CN,1585679996,82,52.33,124.73,271.58,3.87,2020-03-31,89.38399999999999,-1.5699999999999932
Yangi Marg`ilon,100,UZ,1585679997,58,40.43,71.72,288.15,1.0,2020-03-31,89.38399999999999,15.0
Ryōtsu-minato,100,JP,1585679997,81,38.08,138.43,283.15,1.0,2020-03-31,89.38399999999999,10.0
Vestmannaeyjar,75,IS,1585679997,81,63.44,-20.27,279.15,10.8,2020-03-31,89.38399999999999,6.0
Tumut,1,AU,1585679997,63,-35.3,148.22,286.45,1.87,2020-03-31,89.38399999999999,13.300000000000011
Labuhan,26,ID,1585679997,82,-6.88,112.21,299.41,1.22,2020-03-31,89.38399999999999,26.260000000000048
Vardø,75,NO,1585679998,79,70.37,31.11,269.15,7.7,2020-03-31,89.38399999999999,-4.0
Bilma,36,NE,1585679998,16,18.69,12.92,305.75,1.73,2020-03-31,89.38399999999999,32.60000000000002
Lavrentiya,21,RU,1585679998,91,65.58,-171.0,260.72,3.95,2020-03-31,89.38399999999999,-12.42999999999995
Tonstad,75,NO,1585679998,81,58.66,6.72,280.15,5.7,2020-03-31,89.38399999999999,7.0
Gelibolu,75,TR,1585679999,70,40.41,26.67,282.15,8.2,2020-03-31,89.38399999999999,9.0
Leningradskiy,86,RU,1585679999,92,69.38,178.42,256.16,0.82,2020-03-31,89.38399999999999,-16.989999999999952
Havelock,90,US,1585679999,55,34.88,-76.9,290.93,7.2,2020-03-31,89.38399999999999,17.78000000000003
Weyburn,100,CA,1585679798,65,49.67,-103.85,281.48,4.47,2020-03-31,89.38399999999999,8.330000000000041
Kavaratti,0,IN,1585680000,72,10.57,72.64,302.0,3.73,2020-03-31,89.38399999999999,28.850000000000023
Severo-Kuril'sk,90,RU,1585680000,92,50.68,156.12,273.56,7.16,2020-03-31,89.38399999999999,0.410000000000025
Qaanaaq,87,GL,1585680000,75,77.48,-69.36,259.48,1.5,2020-03-31,89.38399999999999,-13.669999999999959
Portland,75,US,1585679918,61,45.52,-122.68,282.59,3.6,2020-03-31,89.38399999999999,9.439999999999998
Coxim,37,BR,1585680001,49,-18.51,-54.76,305.98,1.11,2020-03-31,89.38399999999999,32.83000000000004
Vanavara,100,RU,1585680001,81,60.34,102.28,274.19,8.0,2020-03-31,89.38399999999999,1.0400000000000205
Jalu,0,LY,1585680001,43,29.03,21.55,291.79,6.79,2020-03-31,89.38399999999999,18.640000000000043
Souillac,20,MU,1585680002,94,-20.52,57.52,299.15,3.72,2020-03-31,89.38399999999999,26.0
Āmli,0,IN,1585680002,61,20.28,73.02,297.58,0.57,2020-03-31,89.38399999999999,24.430000000000007
Yashkino,95,RU,1585680002,69,55.87,85.43,274.15,4.0,2020-03-31,89.38399999999999,1.0
Nísia Floresta,75,BR,1585680002,66,-6.09,-35.21,304.15,7.2,2020-03-31,89.38399999999999,31.0
Kundiawa,100,PG,1585680003,52,-6.02,144.97,290.87,0.65,2020-03-31,89.38399999999999,17.720000000000027
Beringovskiy,97,RU,1585680003,95,63.05,179.32,270.84,6.57,2020-03-31,89.38399999999999,-2.3100000000000023
Cabo San Lucas,75,MX,1585679804,50,22.89,-109.91,301.15,2.6,2020-03-31,89.38399999999999,28.0
Ambilobe,98,MG,1585680004,86,-13.2,49.05,298.82,0.66,2020-03-31,89.38399999999999,25.670000000000016
Río Gallegos,20,AR,1585680004,41,-51.62,-69.22,289.15,5.7,2020-03-31,89.38399999999999,16.0
Westport,90,US,1585679878,65,41.14,-73.36,281.48,4.6,2020-03-31,89.38399999999999,8.330000000000041
Esperance,0,AU,1585680004,93,-33.87,121.9,285.15,2.1,2020-03-31,89.38399999999999,12.0
Hualmay,90,PE,1585680004,60,-11.1,-77.61,299.18,4.04,2020-03-31,89.38399999999999,26.03000000000003
Randudongkal,99,ID,1585680005,85,-7.1,109.32,296.36,1.32,2020-03-31,89.38399999999999,23.210000000000036
Pisco,40,PE,1585680005,30,-13.7,-76.22,296.48,3.1,2020-03-31,89.38399999999999,23.33000000000004
Dakar,36,SN,1585679477,57,14.69,-17.44,305.15,7.2,2020-03-31,89.38399999999999,32.0
Cherskiy,88,RU,1585680006,91,68.75,161.3,251.86,3.18,2020-03-31,89.38399999999999,-21.289999999999964
Kodīnar,0,IN,1585680006,68,20.79,70.7,297.03,5.21,2020-03-31,89.38399999999999,23.879999999999995
Saint-François,0,FR,1585680007,27,46.42,3.91,284.15,5.1,2020-03-31,89.38399999999999,11.0
Touros,75,BR,1585679947,70,-5.2,-35.46,303.15,5.1,2020-03-31,89.38399999999999,30.0
Lagoa,30,PT,1585680007,71,39.05,-27.98,286.81,12.25,2020-03-31,89.38399999999999,13.660000000000025
Zdvinsk,19,RU,1585680007,92,54.7,78.66,267.95,3.2,2020-03-31,89.38399999999999,-5.199999999999989
Danshui,98,CN,1585680008,99,22.8,114.47,292.59,2.08,2020-03-31,89.38399999999999,19.439999999999998
Bambous Virieux,20,MU,1585680008,94,-20.34,57.76,299.15,5.7,2020-03-31,89.38399999999999,26.0
Departamento de Maldonado,90,UY,1585680008,77,-34.67,-54.92,294.26,7.7,2020-03-31,89.38399999999999,21.110000000000014
Melfi,100,IT,1585680008,83,41.0,15.65,277.21,2.52,2020-03-31,89.38399999999999,4.060000000000002
Bathsheba,20,BB,1585680009,51,13.22,-59.52,302.15,6.7,2020-03-31,89.38399999999999,29.0
Torbay,90,CA,1585679716,100,47.67,-52.73,278.15,3.1,2020-03-31,89.38399999999999,5.0
Lata,40,PT,1585680009,76,40.16,-8.33,282.15,2.6,2020-03-31,89.38399999999999,9.0
Vao,89,NC,1585680010,72,-22.67,167.48,296.62,7.03,2020-03-31,89.38399999999999,23.470000000000027
Viedma,96,AR,1585679933,31,-40.81,-63.0,295.52,6.9,2020-03-31,89.38399999999999,22.370000000000005
Belogorsk,48,RU,1585680010,81,50.92,128.46,272.56,5.21,2020-03-31,89.38399999999999,-0.589999999999975
Nador,53,MA,1585680010,55,35.17,-2.93,292.15,2.6,2020-03-31,89.38399999999999,19.0
El Sauzal de Rodríguez,100,MX,1585680011,86,31.9,-116.68,291.48,1.34,2020-03-31,89.38399999999999,18.33000000000004
Ust'-Kut,100,RU,1585680011,80,56.79,105.77,274.18,6.03,2020-03-31,89.38399999999999,1.0300000000000296
Husavik,80,IS,1585680011,52,66.04,-17.34,280.15,7.7,2020-03-31,89.38399999999999,7.0
Charleston,1,US,1585680012,64,32.78,-79.93,295.93,5.7,2020-03-31,89.38399999999999,22.78000000000003
Sitka,40,US,1585680012,83,57.05,-135.33,273.15,1.5,2020-03-31,89.38399999999999,0.0
Verkhnyaya Sinyachikha,96,RU,1585680012,90,57.98,61.67,275.61,3.21,2020-03-31,89.38399999999999,2.4600000000000364
Serenje,7,ZM,1585680012,61,-13.23,30.24,290.02,1.35,2020-03-31,89.38399999999999,16.870000000000005
Vostok,100,RU,1585680013,81,46.49,135.88,272.27,1.27,2020-03-31,89.38399999999999,-0.8799999999999955
Saldanha,0,ZA,1585680013,68,-33.01,17.94,291.15,8.2,2020-03-31,89.38399999999999,18.0
Harper,37,LR,1585680013,78,4.38,-7.72,302.24,3.62,2020-03-31,89.38399999999999,29.090000000000032
Verāval,0,IN,1585680014,75,20.9,70.37,296.74,5.39,2020-03-31,89.38399999999999,23.590000000000032
Jesup,40,US,1585679984,61,31.61,-81.89,302.04,4.83,2020-03-31,89.38399999999999,28.890000000000043
Lázaro Cárdenas,0,MX,1585680014,51,17.96,-102.2,303.04,3.68,2020-03-31,89.38399999999999,29.890000000000043
Ndélé,47,CF,1585680015,15,8.41,20.65,304.26,0.59,2020-03-31,89.38399999999999,31.110000000000014
Magadan,49,RU,1585680015,93,59.57,150.8,260.29,3.27,2020-03-31,89.38399999999999,-12.859999999999957
Meadow Lake,1,US,1585680015,19,34.8,-106.54,290.15,2.15,2020-03-31,89.38399999999999,17.0
Longyearbyen,20,SJ,1585680015,77,78.22,15.64,255.15,2.1,2020-03-31,89.38399999999999,-17.99999999999997
Shimoda,100,JP,1585680016,95,34.67,138.95,286.48,0.89,2020-03-31,89.38399999999999,13.330000000000041
Siilinjärvi,90,FI,1585680016,92,63.08,27.67,271.15,7.2,2020-03-31,89.38399999999999,-2.0
Port Blair,68,IN,1585680016,69,11.67,92.75,300.94,1.85,2020-03-31,89.38399999999999,27.79000000000002
Thompson,100,CA,1585680016,97,55.74,-97.86,270.25,3.57,2020-03-31,89.38399999999999,-2.8999999999999773
San Policarpo,57,PH,1585680017,80,12.18,125.51,299.71,2.46,2020-03-31,89.38399999999999,26.560000000000002
Outlook,100,CA,1585680017,78,51.5,-107.05,272.45,7.02,2020-03-31,89.38399999999999,-0.6999999999999886
Glebychevo,100,RU,1585680017,98,60.44,28.72,270.93,11.18,2020-03-31,89.38399999999999,-2.2199999999999704
Bonfim,89,BR,1585680017,41,3.08,-59.95,307.01,2.02,2020-03-31,89.38399999999999,33.860000000000014
Santa Rosa,20,PH,1585680018,74,14.31,121.11,300.37,1.5,2020-03-31,89.38399999999999,27.220000000000027
Guangming,9,CN,1585680018,63,45.33,122.78,274.03,3.63,2020-03-31,89.38399999999999,0.8799999999999955
Khakhea,100,BW,1585680018,51,-24.69,23.49,294.05,1.92,2020-03-31,89.38399999999999,20.900000000000034
Beisfjord,90,NO,1585680018,91,68.38,17.6,274.15,13.4,2020-03-31,89.38399999999999,1.0
Karpogory,38,RU,1585680019,93,64.0,44.45,265.87,1.97,2020-03-31,89.38399999999999,-7.279999999999973
Knysna,40,ZA,1585680019,93,-34.04,23.05,288.15,2.6,2020-03-31,89.38399999999999,15.0
Mar del Plata,20,AR,1585680019,55,-38.0,-57.56,293.71,7.7,2020-03-31,89.38399999999999,20.560000000000002
Honningsvåg,40,NO,1585680020,68,70.98,25.97,270.15,8.2,2020-03-31,89.38399999999999,-3.0
Erdenet,0,MN,1585680020,51,49.03,104.08,269.86,1.55,2020-03-31,89.38399999999999,-3.2899999999999636
Saint-Augustin,100,CA,1585680020,90,51.23,-58.65,274.33,8.59,2020-03-31,89.38399999999999,1.1800000000000068
Muros,20,ES,1585680020,87,42.78,-9.06,285.37,3.6,2020-03-31,89.38399999999999,12.220000000000027
Brejo da Madre de Deus,49,BR,1585679886,46,-8.15,-36.37,301.93,5.63,2020-03-31,89.38399999999999,28.78000000000003
Beian,75,NO,1585680021,69,63.66,9.57,277.15,10.3,2020-03-31,89.38399999999999,4.0
Makkah al Mukarramah,1,SA,1585680021,37,21.43,39.83,299.58,1.56,2020-03-31,89.38399999999999,26.430000000000007
Talaya,1,RU,1585680021,75,61.38,152.75,252.76,2.09,2020-03-31,89.38399999999999,-20.389999999999986
Tommot,100,RU,1585680022,91,58.96,126.29,268.96,7.08,2020-03-31,89.38399999999999,-4.189999999999998
Omsukchan,2,RU,1585680022,81,62.53,155.8,253.7,2.59,2020-03-31,89.38399999999999,-19.44999999999999
Kolno,84,PL,1585680022,93,53.41,21.93,272.17,3.57,2020-03-31,89.38399999999999,-0.9799999999999613
Chapais,1,CA,1585680023,30,49.78,-74.85,280.15,5.1,2020-03-31,89.38399999999999,7.0
Bibiani,73,GH,1585680023,79,6.46,-2.32,299.66,1.49,2020-03-31,89.38399999999999,26.510000000000048
Muli,42,MV,1585680023,71,2.92,73.57,302.13,4.43,2020-03-31,89.38399999999999,28.980000000000018
Fort Nelson,98,CA,1585680024,86,58.81,-122.7,258.85,1.67,2020-03-31,89.38399999999999,-14.299999999999955
Marsá Maţrūḩ,1,EG,1585680024,77,31.35,27.25,289.32,10.55,2020-03-31,89.38399999999999,16.170000000000016
São Mateus,47,BR,1585680024,68,-18.72,-39.86,301.7,3.18,2020-03-31,89.38399999999999,28.55000000000001
Mackay,40,AU,1585680024,94,-21.15,149.2,294.82,2.6,2020-03-31,89.38399999999999,21.670000000000016
Gunjur,67,GM,1585680025,33,13.2,-16.73,304.15,5.1,2020-03-31,89.38399999999999,31.0
Baykit,95,RU,1585680025,91,61.67,96.37,266.06,2.79,2020-03-31,89.38399999999999,-7.089999999999975
Moose Factory,1,CA,1585680025,64,51.26,-80.61,276.15,6.2,2020-03-31,89.38399999999999,3.0
Longjiang,0,CN,1585680026,69,47.33,123.18,273.15,4.31,2020-03-31,89.38399999999999,0.0
La Sarre,100,CA,1585680026,77,48.8,-79.2,275.33,3.43,2020-03-31,89.38399999999999,2.180000000000007
Caravelas,38,BR,1585680026,73,-17.71,-39.25,301.35,3.96,2020-03-31,89.38399999999999,28.200000000000045
Hidas,53,HU,1585680026,44,46.26,18.5,276.15,3.1,2020-03-31,89.38399999999999,3.0
Tiarei,14,PF,1585680026,74,-17.53,-149.33,302.15,1.5,2020-03-31,89.38399999999999,29.0
Carnarvon,98,AU,1585680027,73,-24.87,113.63,295.15,5.7,2020-03-31,89.38399999999999,22.0
Saint-Pierre,90,RE,1585680027,94,-21.34,55.48,299.15,3.6,2020-03-31,89.38399999999999,26.0
Jardim,12,BR,1585679977,34,-21.48,-56.14,308.27,1.43,2020-03-31,89.38399999999999,35.120000000000005
Cayenne,90,GF,1585680027,62,4.93,-52.33,303.15,5.7,2020-03-31,89.38399999999999,30.0
Port Hedland,93,AU,1585680028,83,-20.32,118.57,300.15,3.1,2020-03-31,89.38399999999999,27.0
Vaitape,1,PF,1585680028,78,-16.52,-151.75,301.69,5.87,2020-03-31,89.38399999999999,28.54000000000002
Nizhniy Tsasuchey,0,RU,1585680028,66,50.52,115.13,271.85,4.36,2020-03-31,89.38399999999999,-1.2999999999999545
Los Llanos de Aridane,75,ES,1585680029,68,28.66,-17.92,293.15,1.5,2020-03-31,89.38399999999999,20.0
Dauphin,20,CA,1585680029,62,51.15,-100.05,286.15,6.2,2020-03-31,89.38399999999999,13.0
Geraldton,90,AU,1585680029,77,-28.77,114.6,291.15,4.6,2020-03-31,89.38399999999999,18.0
Berlevåg,75,NO,1585680029,92,70.86,29.09,269.15,7.7,2020-03-31,89.38399999999999,-4.0
Chui,68,UY,1585680030,70,-33.7,-53.46,294.8,7.02,2020-03-31,89.38399999999999,21.650000000000034
Valera,72,VE,1585680030,42,9.32,-70.6,303.48,1.12,2020-03-31,89.38399999999999,30.33000000000004
Paramonga,93,PE,1585679828,66,-10.67,-77.83,298.1,4.02,2020-03-31,89.38399999999999,24.950000000000045
Yārāda,75,IN,1585680031,83,17.65,83.27,301.15,1.0,2020-03-31,89.38399999999999,28.0
Mayo,90,US,1585680031,87,38.89,-76.51,287.04,5.7,2020-03-31,89.38399999999999,13.890000000000043
Iskateley,47,RU,1585680031,96,67.68,53.15,259.6,0.68,2020-03-31,89.38399999999999,-13.549999999999955
Bethel,90,US,1585680032,63,41.37,-73.41,282.04,2.42,2020-03-31,89.38399999999999,8.890000000000043
Goulouré,1,BF,1585680032,9,12.23,-1.93,312.15,2.1,2020-03-31,89.38399999999999,39.0
Shiyan,30,CN,1585680033,61,32.65,110.78,284.86,0.62,2020-03-31,89.38399999999999,11.710000000000036
Fairbanks,1,US,1585680002,39,64.84,-147.72,266.15,4.1,2020-03-31,89.38399999999999,-7.0
Santa Cruz,20,MA,1585680033,68,30.42,-9.6,293.15,7.2,2020-03-31,89.38399999999999,20.0
Sterling,90,US,1585679781,50,39.01,-77.43,286.48,2.6,2020-03-31,89.38399999999999,13.330000000000041
Darnah,1,LY,1585680034,68,32.77,22.64,288.65,8.46,2020-03-31,89.38399999999999,15.5
Taoudenni,42,ML,1585680034,10,22.68,-3.98,305.97,3.54,2020-03-31,89.38399999999999,32.82000000000005
San Miguel,20,SV,1585680034,55,13.48,-88.18,308.15,4.6,2020-03-31,89.38399999999999,35.0
Luba,40,GQ,1585680035,89,3.46,8.55,302.15,4.1,2020-03-31,89.38399999999999,29.0
Tautira,18,PF,1585680035,74,-17.73,-149.15,302.15,1.5,2020-03-31,89.38399999999999,29.0
Tiksi,100,RU,1585680035,87,71.69,128.87,251.82,1.79,2020-03-31,89.38399999999999,-21.329999999999984
Lincoln,90,US,1585680009,48,40.8,-96.67,292.04,5.1,2020-03-31,89.38399999999999,18.890000000000043
Negombo,20,LK,1585680036,88,7.21,79.84,301.15,1.5,2020-03-31,89.38399999999999,28.0
Colares,40,PT,1585680036,57,38.8,-9.45,285.37,4.1,2020-03-31,89.38399999999999,12.220000000000027
High Level,20,CA,1585680036,55,58.52,-117.14,259.15,7.2,2020-03-31,89.38399999999999,-14.0
São João da Barra,75,BR,1585680037,74,-21.64,-41.05,301.15,4.1,2020-03-31,89.38399999999999,28.0
Alofi,100,NU,1585680037,100,-19.06,-169.92,298.15,0.5,2020-03-31,89.38399999999999,25.0
Raudeberg,75,NO,1585680037,87,61.99,5.14,279.15,3.1,2020-03-31,89.38399999999999,6.0
Puro,44,PH,1585680038,81,12.48,123.38,300.06,5.02,2020-03-31,89.38399999999999,26.910000000000025
Chokurdakh,94,RU,1585680038,91,70.63,147.92,251.67,2.26,2020-03-31,89.38399999999999,-21.47999999999999
Inuvik,5,CA,1585680038,42,68.35,-133.72,260.15,3.6,2020-03-31,89.38399999999999,-13.0
Nsanje,0,MW,1585680038,74,-16.92,35.26,295.12,2.54,2020-03-31,89.38399999999999,21.970000000000027
Māngrol,0,IN,1585680039,75,21.12,70.12,297.19,5.42,2020-03-31,89.38399999999999,24.04000000000002
Petra,9,JO,1585680039,24,30.32,35.48,290.34,4.36,2020-03-31,89.38399999999999,17.189999999999998
Road Town,20,VG,1585680039,62,18.42,-64.62,302.15,3.6,2020-03-31,89.38399999999999,29.0
Creston,1,US,1585680039,42,41.06,-94.36,290.15,1.5,2020-03-31,89.38399999999999,17.0
Banda Aceh,82,ID,1585680040,80,5.56,95.32,299.74,1.66,2020-03-31,89.38399999999999,26.590000000000032
Lipin Bor,27,RU,1585680040,89,60.26,37.98,266.98,1.67,2020-03-31,89.38399999999999,-6.169999999999959
Baruun-Urt,0,MN,1585680040,59,46.68,113.28,269.54,4.37,2020-03-31,89.38399999999999,-3.609999999999957
Sarangani,49,PH,1585680040,80,5.4,125.46,300.5,9.57,2020-03-31,89.38399999999999,27.350000000000023
Bandarbeyla,60,SO,1585680041,74,9.49,50.81,300.74,5.18,2020-03-31,89.38399999999999,27.590000000000032
Rocha,63,UY,1585680041,62,-34.48,-54.33,294.86,6.13,2020-03-31,89.38399999999999,21.710000000000036
Mandalī,91,IQ,1585680041,35,33.75,45.55,294.12,2.89,2020-03-31,89.38399999999999,20.970000000000027
Yancheng,100,CN,1585680042,95,33.39,120.13,281.72,1.42,2020-03-31,89.38399999999999,8.57000000000005
Mocuba,0,MZ,1585680042,82,-16.84,36.99,293.23,1.26,2020-03-31,89.38399999999999,20.08000000000004
Xining,67,CN,1585679952,36,36.62,101.77,273.07,2.25,2020-03-31,89.38399999999999,-0.07999999999998408
Selenginsk,40,RU,1585680042,54,52.01,106.86,271.15,2.0,2020-03-31,89.38399999999999,-2.0
Kajaani,90,FI,1585680043,86,64.23,27.73,272.15,5.1,2020-03-31,89.38399999999999,-1.0
Palora,90,EC,1585680043,94,-1.7,-77.93,294.15,1.0,2020-03-31,89.38399999999999,21.0
Isangel,90,VU,1585680044,83,-19.55,169.27,298.15,7.89,2020-03-31,89.38399999999999,25.0
Kichera,100,RU,1585680044,80,55.94,110.1,272.24,4.74,2020-03-31,89.38399999999999,-0.9099999999999682
Pemberton,90,CA,1585679998,62,50.32,-122.8,276.15,0.67,2020-03-31,89.38399999999999,3.0
City of San Pedro,20,PH,1585680045,74,14.35,121.02,300.37,1.5,2020-03-31,89.38399999999999,27.220000000000027
Bengkulu,100,ID,1585680045,81,-3.8,102.27,298.54,1.93,2020-03-31,89.38399999999999,25.390000000000043
Lakeway,40,US,1585680045,59,30.36,-97.98,294.82,5.1,2020-03-31,89.38399999999999,21.670000000000016
San Andrés,40,CO,1585680045,66,12.58,-81.7,303.15,6.2,2020-03-31,89.38399999999999,30.0
Nieuwpoort,0,BE,1585680046,60,51.12,2.77,280.93,8.7,2020-03-31,89.38399999999999,7.78000000000003
Salta,40,AR,1585679754,73,-24.79,-65.41,298.15,2.1,2020-03-31,89.38399999999999,25.0
Mayskiy,3,RU,1585680046,45,47.69,40.1,282.59,5.0,2020-03-31,89.38399999999999,9.439999999999998
Puerto Colombia,20,CO,1585680046,59,10.99,-74.95,305.15,7.7,2020-03-31,89.38399999999999,32.0
Okha,28,RU,1585680046,96,53.57,142.95,265.75,2.57,2020-03-31,89.38399999999999,-7.399999999999977
Saint-Philippe,90,RE,1585680047,94,-21.36,55.77,299.15,3.6,2020-03-31,89.38399999999999,26.0
Don Luan,27,VN,1585679752,72,11.53,106.92,299.36,2.56,2020-03-31,89.38399999999999,26.210000000000036
Tweed,90,CA,1585680047,86,44.48,-77.32,280.37,4.6,2020-03-31,89.38399999999999,7.220000000000027
Kavieng,96,PG,1585680048,76,-2.57,150.8,301.26,4.06,2020-03-31,89.38399999999999,28.110000000000014
Várzea da Palma,26,BR,1585679852,50,-17.6,-44.73,302.36,2.48,2020-03-31,89.38399999999999,29.210000000000036
Houma,40,US,1585680001,54,29.6,-90.72,302.15,7.2,2020-03-31,89.38399999999999,29.0
Kaputa,80,ZM,1585680048,63,-8.47,29.66,295.24,0.78,2020-03-31,89.38399999999999,22.090000000000032
Hofn,100,IS,1585680049,81,64.25,-15.21,279.54,10.24,2020-03-31,89.38399999999999,6.390000000000043
Ardeşen,14,TR,1585680049,81,41.19,40.99,282.15,2.1,2020-03-31,89.38399999999999,9.0
Chibombo,23,ZM,1585680049,56,-14.66,28.07,292.56,2.18,2020-03-31,89.38399999999999,19.410000000000025
Sawtell,13,AU,1585680050,93,-30.38,153.1,291.15,1.5,2020-03-31,89.38399999999999,18.0
Oytal,99,KZ,1585680050,36,42.91,73.27,285.55,0.53,2020-03-31,89.38399999999999,12.400000000000034
Tilichiki,22,RU,1585680050,92,60.47,166.1,259.85,2.1,2020-03-31,89.38399999999999,-13.299999999999955
Grindavik,75,IS,1585680050,80,63.84,-22.43,277.15,12.9,2020-03-31,89.38399999999999,4.0
Santa Luzia,40,BR,1585680051,54,-19.77,-43.85,302.15,3.1,2020-03-31,89.38399999999999,29.0
Bilibino,95,RU,1585680051,84,68.05,166.44,248.96,0.3,2020-03-31,89.38399999999999,-24.18999999999997
Trujillo,67,PE,1585680052,65,-8.12,-79.03,299.15,6.2,2020-03-31,89.38399999999999,26.0
Mackenzie,100,CA,1585680052,81,55.3,-123.17,259.63,3.86,2020-03-31,89.38399999999999,-13.519999999999982
Voznesenskoye,99,RU,1585680052,96,54.89,42.76,272.18,4.4,2020-03-31,89.38399999999999,-0.9699999999999704
Crotone,75,IT,1585680052,77,39.09,17.12,286.88,2.88,2020-03-31,89.38399999999999,13.730000000000018
Soyo,15,AO,1585680052,83,-6.13,12.37,301.15,4.05,2020-03-31,89.38399999999999,28.0
Waseca,1,US,1585680053,45,44.08,-93.51,283.71,4.1,2020-03-31,89.38399999999999,10.560000000000002
Biloela,0,AU,1585680053,85,-24.42,150.5,292.34,0.8,2020-03-31,89.38399999999999,19.189999999999998
Hong Kong,40,HK,1585679810,88,22.29,114.16,293.15,3.1,2020-03-31,89.38399999999999,20.0
Iracoubo,100,GF,1585680053,76,5.48,-53.2,300.57,5.06,2020-03-31,89.38399999999999,27.420000000000016
Yashkul',38,RU,1585680054,56,46.17,45.34,286.41,6.59,2020-03-31,89.38399999999999,13.260000000000048
Hasaki,75,JP,1585679957,100,35.73,140.83,282.15,3.6,2020-03-31,89.38399999999999,9.0
Klaksvík,94,FO,1585680054,75,62.23,-6.59,280.15,9.8,2020-03-31,89.38399999999999,7.0
Nantucket,90,US,1585680054,60,41.28,-70.1,278.15,9.3,2020-03-31,89.38399999999999,5.0
Brufut,63,GM,1585680055,33,13.38,-16.75,304.15,5.1,2020-03-31,89.38399999999999,31.0
Titisee-Neustadt,20,DE,1585680055,35,47.9,8.17,281.15,3.6,2020-03-31,89.38399999999999,8.0
Christchurch,87,NZ,1585679776,93,-43.53,172.63,285.37,0.73,2020-03-31,89.38399999999999,12.220000000000027
Khani,33,GE,1585680055,87,41.96,42.96,282.15,2.6,2020-03-31,89.38399999999999,9.0
Mount Gambier,90,AU,1585680056,100,-37.83,140.77,283.15,1.0,2020-03-31,89.38399999999999,10.0
Yulara,79,AU,1585680056,88,-25.24,130.99,293.15,3.1,2020-03-31,89.38399999999999,20.0
Kyaukse,0,MM,1585680056,27,21.6,96.13,300.06,1.98,2020-03-31,89.38399999999999,26.910000000000025
Balotra,0,IN,1585680056,26,25.83,72.23,301.8,2.44,2020-03-31,89.38399999999999,28.650000000000034
Weston,40,US,1585680057,41,26.1,-80.4,306.48,7.7,2020-03-31,89.38399999999999,33.33000000000004
Kerema,100,PG,1585680057,88,-7.96,145.78,298.02,3.93,2020-03-31,89.38399999999999,24.870000000000005
Kumul,0,CN,1585679953,31,42.8,93.45,280.66,5.94,2020-03-31,89.38399999999999,7.510000000000048
Province of Mantua,40,IT,1585680057,60,45.17,10.78,281.48,1.5,2020-03-31,89.38399999999999,8.330000000000041
Larsnes,75,NO,1585680058,93,62.2,5.58,279.26,7.2,2020-03-31,89.38399999999999,6.110000000000014
Ust'ye,50,RU,1585680058,91,59.63,39.74,267.63,1.39,2020-03-31,89.38399999999999,-5.519999999999982
Poronaysk,76,RU,1585680058,97,49.22,143.12,273.08,1.95,2020-03-31,89.38399999999999,-0.06999999999999318
Lerwick,80,GB,1585680059,81,60.15,-1.15,281.15,9.8,2020-03-31,89.38399999999999,8.0
Ancud,90,CL,1585680059,51,-41.87,-73.82,288.15,5.1,2020-03-31,89.38399999999999,15.0
Livingston,90,GB,1585680001,57,55.9,-3.52,283.15,2.1,2020-03-31,89.38399999999999,10.0
Aniva,100,RU,1585680059,74,46.71,142.53,276.15,5.0,2020-03-31,89.38399999999999,3.0
América Dourada,2,BR,1585680059,38,-11.46,-41.44,302.85,4.86,2020-03-31,89.38399999999999,29.700000000000045
Collie,100,AU,1585680060,71,-33.37,116.15,286.48,1.79,2020-03-31,89.38399999999999,13.330000000000041
Neepawa,75,CA,1585679947,54,50.23,-99.47,286.15,11.8,2020-03-31,89.38399999999999,13.0
Novikovo,94,RU,1585680060,82,51.15,37.89,273.51,4.55,2020-03-31,89.38399999999999,0.36000000000001364
Reporoa,100,NZ,1585680060,99,-38.43,176.35,287.04,0.45,2020-03-31,89.38399999999999,13.890000000000043
Waipawa,90,NZ,1585680061,100,-41.41,175.52,284.82,2.6,2020-03-31,89.38399999999999,11.670000000000016
Maravatío de Ocampo,5,MX,1585680061,34,19.9,-100.45,299.15,2.1,2020-03-31,89.38399999999999,26.0
Alta,75,NO,1585680061,73,69.97,23.27,269.15,6.2,2020-03-31,89.38399999999999,-4.0
Pochutla,20,MX,1585680062,52,15.74,-96.47,306.48,5.7,2020-03-31,89.38399999999999,33.33000000000004
Guadalajara,5,MX,1585680041,18,20.67,-103.33,301.15,2.1,2020-03-31,89.38399999999999,28.0
Sola,90,VU,1585680062,94,-13.88,167.55,299.15,5.1,2020-03-31,89.38399999999999,26.0
Kimbe,100,PG,1585680062,91,-5.55,150.14,297.4,0.67,2020-03-31,89.38399999999999,24.25
Auki,99,SB,1585680063,77,-8.77,160.7,300.63,0.73,2020-03-31,89.38399999999999,27.480000000000018
Tomari,93,RU,1585680063,85,47.77,142.07,275.64,10.72,2020-03-31,89.38399999999999,2.490000000000009
Santa Rosalía,98,MX,1585680063,24,27.32,-112.28,296.14,3.74,2020-03-31,89.38399999999999,22.99000000000001
Tura,0,IN,1585680063,24,25.52,90.22,294.5,0.93,2020-03-31,89.38399999999999,21.350000000000023
Cururupu,79,BR,1585680064,84,-1.83,-44.87,301.45,2.21,2020-03-31,89.38399999999999,28.30000000000001
Lakes Entrance,8,AU,1585680064,78,-37.88,147.98,287.0,1.47,2020-03-31,89.38399999999999,13.850000000000023
Kwinana,100,AU,1585680064,93,-32.25,115.77,289.26,2.6,2020-03-31,89.38399999999999,16.110000000000014
Sisimiut,100,GL,1585680064,91,66.94,-53.67,258.64,6.55,2020-03-31,89.38399999999999,-14.509999999999991
Oiã,75,PT,1585680065,87,40.54,-8.54,282.59,0.5,2020-03-31,89.38399999999999,9.439999999999998
Ukiah,90,US,1585680065,87,39.15,-123.21,288.71,1.41,2020-03-31,89.38399999999999,15.560000000000002
Petropavlovsk-Kamchatskiy,75,RU,1585680065,92,53.05,158.65,272.15,3.0,2020-03-31,89.38399999999999,-1.0
Sakaiminato,75,JP,1585679958,93,35.55,133.23,286.15,3.1,2020-03-31,89.38399999999999,13.0
Tezu,56,IN,1585680066,34,27.92,96.17,296.38,1.58,2020-03-31,89.38399999999999,23.230000000000018
Ozernovskiy,97,RU,1585680066,87,51.5,156.52,274.23,11.07,2020-03-31,89.38399999999999,1.080000000000041
Aklavik,5,CA,1585680066,45,68.22,-135.01,260.15,6.7,2020-03-31,89.38399999999999,-13.0
Brownsburg,90,US,1585680066,70,39.84,-86.4,280.37,3.1,2020-03-31,89.38399999999999,7.220000000000027
Qaqortoq,20,GL,1585680067,69,60.72,-46.03,276.15,2.6,2020-03-31,89.38399999999999,3.0
Winburg,98,ZA,1585680067,52,-28.52,27.01,289.11,2.96,2020-03-31,89.38399999999999,15.960000000000036
Varazze,23,IT,1585680067,34,44.36,8.57,284.26,6.7,2020-03-31,89.38399999999999,11.110000000000014
Allāpalli,59,IN,1585680068,23,19.42,80.07,305.33,0.57,2020-03-31,89.38399999999999,32.18000000000001
Chimoré,100,BO,1585680068,62,-16.98,-65.13,304.82,0.94,2020-03-31,89.38399999999999,31.670000000000016
Doha,0,QA,1585679851,27,25.29,51.53,298.15,4.1,2020-03-31,89.38399999999999,25.0
Mehamn,90,NO,1585680068,73,71.04,27.85,270.15,3.1,2020-03-31,89.38399999999999,-3.0
Boueni,10,YT,1585680069,74,-12.9,45.08,301.15,2.6,2020-03-31,89.38399999999999,28.0
Zhigansk,100,RU,1585680069,94,66.77,123.37,259.1,2.44,2020-03-31,89.38399999999999,-14.049999999999955
Bahir Dar,82,ET,1585680069,13,11.59,37.39,299.68,3.37,2020-03-31,89.38399999999999,26.53000000000003
Eureka,90,US,1585679983,93,40.8,-124.16,285.37,2.6,2020-03-31,89.38399999999999,12.220000000000027
North Adams,90,US,1585680070,60,42.7,-73.11,281.48,0.92,2020-03-31,89.38399999999999,8.330000000000041
Port Hawkesbury,90,CA,1585679882,92,45.62,-61.35,277.59,3.6,2020-03-31,89.38399999999999,4.439999999999998
San Cristobal,40,VE,1585679799,55,7.77,-72.22,304.15,5.1,2020-03-31,89.38399999999999,31.0
Freeport,90,US,1585679804,61,40.66,-73.58,281.48,4.87,2020-03-31,89.38399999999999,8.330000000000041
Playas,69,EC,1585680071,68,-2.63,-80.38,300.18,3.2,2020-03-31,89.38399999999999,27.03000000000003
Elk River,1,US,1585680071,29,45.3,-93.57,284.26,3.1,2020-03-31,89.38399999999999,11.110000000000014
Tūkrah,27,LY,1585680071,78,32.53,20.58,287.62,4.07,2020-03-31,89.38399999999999,14.470000000000027
Ayapel,80,CO,1585680072,45,8.31,-75.14,307.84,2.97,2020-03-31,89.38399999999999,34.69
Outram,75,MY,1585680072,78,1.28,103.84,301.15,2.84,2020-03-31,89.38399999999999,28.0
Sur,0,OM,1585680072,68,22.57,59.53,297.03,0.61,2020-03-31,89.38399999999999,23.879999999999995
Lucapa,14,AO,1585680072,60,-8.42,20.74,296.05,0.92,2020-03-31,89.38399999999999,22.900000000000034
Kiama,90,AU,1585680073,100,-34.68,150.87,294.26,2.96,2020-03-31,89.38399999999999,21.110000000000014
Ouallam,82,NE,1585680073,11,14.32,2.09,309.68,3.03,2020-03-31,89.38399999999999,36.53000000000003
Sovetskiy,100,RU,1585680073,98,61.36,63.58,271.17,2.1,2020-03-31,89.38399999999999,-1.9799999999999613
Sagarejo,72,GE,1585680074,46,41.73,45.33,285.15,9.8,2020-03-31,89.38399999999999,12.0
Roswell,90,US,1585679849,81,34.02,-84.36,288.15,3.1,2020-03-31,89.38399999999999,15.0
Santa Cruz del Sur,15,CU,1585680074,61,20.71,-78.0,301.75,5.6,2020-03-31,89.38399999999999,28.600000000000023
North Bend,90,US,1585680003,76,43.41,-124.22,283.15,5.1,2020-03-31,89.38399999999999,10.0
Kutum,24,SD,1585680075,11,14.2,24.67,299.76,2.95,2020-03-31,89.38399999999999,26.610000000000014
Canguçu,90,BR,1585680032,78,-31.39,-52.68,298.15,7.2,2020-03-31,89.38399999999999,25.0
Aksarka,7,RU,1585680075,93,66.56,67.8,261.29,4.32,2020-03-31,89.38399999999999,-11.859999999999957
Nuuk,75,GL,1585680075,53,64.18,-51.72,268.15,4.1,2020-03-31,89.38399999999999,-5.0
Esim,52,GH,1585680076,80,4.87,-2.24,301.35,4.69,2020-03-31,89.38399999999999,28.200000000000045
Ust'-Karsk,42,RU,1585680076,78,52.7,118.81,272.37,3.61,2020-03-31,89.38399999999999,-0.7799999999999727
Melfort,90,CA,1585680000,85,52.87,-104.62,263.15,3.6,2020-03-31,89.38399999999999,-10.0
Jaumave,90,MX,1585680077,54,23.42,-99.38,301.15,6.2,2020-03-31,89.38399999999999,28.0
Chimay,0,BE,1585680077,41,50.05,4.32,280.93,6.2,2020-03-31,89.38399999999999,7.78000000000003
Birao,49,CF,1585680077,11,10.28,22.79,306.08,2.73,2020-03-31,89.38399999999999,32.93000000000001
Port Augusta,90,AU,1585680077,82,-32.5,137.77,291.15,3.6,2020-03-31,89.38399999999999,18.0
Bowen,47,AU,1585680078,94,-20.02,148.23,294.82,1.5,2020-03-31,89.38399999999999,21.670000000000016
Assiut,2,EG,1585680078,20,27.18,31.18,298.86,7.69,2020-03-31,89.38399999999999,25.710000000000036
Kādīpur,11,IN,1585680078,18,26.17,82.38,299.4,2.84,2020-03-31,89.38399999999999,26.25
Khovd,0,MN,1585680079,60,48.01,91.64,266.64,2.05,2020-03-31,89.38399999999999,-6.509999999999991
Bayir,75,TR,1585680079,87,37.27,28.22,286.15,2.1,2020-03-31,89.38399999999999,13.0
Hvide Sande,98,DK,1585680079,86,56.0,8.13,279.82,5.1,2020-03-31,89.38399999999999,6.670000000000016
Civitavecchia,40,IT,1585680079,70,42.09,11.8,282.59,3.6,2020-03-31,89.38399999999999,9.439999999999998
Avera,90,US,1585680080,77,33.19,-82.53,293.15,3.6,2020-03-31,89.38399999999999,20.0
Ishigaki,65,JP,1585680080,87,24.34,124.16,296.86,2.3,2020-03-31,89.38399999999999,23.710000000000036
Dalbandin,0,PK,1585680080,21,28.89,64.41,295.37,0.58,2020-03-31,89.38399999999999,22.220000000000027
Marawi,5,PH,1585680080,71,8.0,124.29,292.65,1.04,2020-03-31,89.38399999999999,19.5
Kondinskoye,100,RU,1585680081,93,59.65,67.41,273.89,3.71,2020-03-31,89.38399999999999,0.7400000000000091
Kibala,35,TD,1585680081,25,9.11,18.35,310.15,1.59,2020-03-31,89.38399999999999,37.0
Derzhavīnsk,48,KZ,1585680081,90,51.1,66.32,271.69,5.92,2020-03-31,89.38399999999999,-1.4599999999999795
State College,90,US,1585680082,61,40.79,-77.86,282.59,2.6,2020-03-31,89.38399999999999,9.439999999999998
Matata,94,NZ,1585680082,99,-37.88,176.75,287.59,0.45,2020-03-31,89.38399999999999,14.439999999999998
Meulaboh,86,ID,1585680082,82,4.14,96.13,300.05,1.95,2020-03-31,89.38399999999999,26.900000000000034
Yenagoa,99,NG,1585680082,87,4.92,6.26,300.2,2.64,2020-03-31,89.38399999999999,27.05000000000001
Naples,75,IT,1585679930,71,40.83,14.25,285.37,3.6,2020-03-31,89.38399999999999,12.220000000000027
Vanimo,100,PG,1585680083,85,-2.67,141.3,299.22,3.38,2020-03-31,89.38399999999999,26.07000000000005
Camacha,20,PT,1585680083,63,33.08,-16.33,290.15,7.7,2020-03-31,89.38399999999999,17.0
Dunedin,2,NZ,1585679915,92,-45.87,170.5,284.82,1.78,2020-03-31,89.38399999999999,11.670000000000016
Fukuechō,100,JP,1585680084,92,32.69,128.84,287.37,4.91,2020-03-31,89.38399999999999,14.220000000000027
Puerto del Rosario,20,ES,1585680084,56,28.5,-13.86,295.15,5.7,2020-03-31,89.38399999999999,22.0
Margate,0,GB,1585680084,65,51.38,1.39,279.82,3.6,2020-03-31,89.38399999999999,6.670000000000016
Ilulissat,75,GL,1585680085,60,69.22,-51.1,258.15,6.7,2020-03-31,89.38399999999999,-15.0
Oranjestad,20,AW,1585680022,55,12.52,-70.03,303.15,9.8,2020-03-31,89.38399999999999,30.0
Ahipara,99,NZ,1585680085,81,-35.17,173.17,289.88,3.06,2020-03-31,89.38399999999999,16.730000000000018
Formosa do Rio Preto,41,BR,1585680085,53,-11.05,-45.19,302.24,3.34,2020-03-31,89.38399999999999,29.090000000000032
Kruisfontein,83,ZA,1585680086,74,-34.0,24.73,289.48,7.01,2020-03-31,89.38399999999999,16.33000000000004
Galesong,20,ID,1585680086,100,-5.32,119.37,298.15,0.5,2020-03-31,89.38399999999999,25.0
Melo,96,UY,1585680086,61,-32.37,-54.18,298.42,6.93,2020-03-31,89.38399999999999,25.27000000000004
Huarmey,59,PE,1585680086,57,-10.07,-78.15,300.66,4.43,2020-03-31,89.38399999999999,27.510000000000048
Río Cuarto,40,AR,1585680087,61,-33.13,-64.35,300.15,7.2,2020-03-31,89.38399999999999,27.0
Broome,90,US,1585680087,81,42.25,-75.83,282.04,2.6,2020-03-31,89.38399999999999,8.890000000000043
Hamilton,90,US,1585679377,65,39.18,-84.53,282.04,2.1,2020-03-31,89.38399999999999,8.890000000000043
Laas,37,IT,1585680088,15,46.62,10.7,282.15,4.1,2020-03-31,89.38399999999999,9.0
Ballina,64,AU,1585680088,94,-28.87,153.57,293.15,2.6,2020-03-31,89.38399999999999,20.0
Chokwé,0,MZ,1585680088,62,-24.53,32.98,296.4,4.14,2020-03-31,89.38399999999999,23.25
Roald,75,NO,1585680089,93,62.58,6.13,279.26,7.7,2020-03-31,89.38399999999999,6.110000000000014
Abhā,5,SA,1585680089,39,18.22,42.51,293.15,3.1,2020-03-31,89.38399999999999,20.0
Buchanan,97,LR,1585680089,74,5.88,-10.05,302.61,3.16,2020-03-31,89.38399999999999,29.460000000000036
Bhānder,29,IN,1585680089,19,25.73,78.75,301.17,2.78,2020-03-31,89.38399999999999,28.02000000000004
Saint Anthony,1,US,1585680090,34,45.02,-93.22,284.26,3.6,2020-03-31,89.38399999999999,11.110000000000014
Anshun,0,CN,1585680090,54,26.25,105.93,284.19,2.15,2020-03-31,89.38399999999999,11.04000000000002
Partizanskoye,17,RU,1585680090,73,55.5,94.39,274.18,5.76,2020-03-31,89.38399999999999,1.0300000000000296
Wanaka,5,NZ,1585680091,84,-44.7,169.15,278.71,1.44,2020-03-31,89.38399999999999,5.560000000000002
Jacksonville,75,US,1585680000,48,30.33,-81.66,303.71,9.8,2020-03-31,89.38399999999999,30.560000000000002
Khandyga,100,RU,1585680091,94,62.67,135.6,264.54,2.57,2020-03-31,89.38399999999999,-8.609999999999957
Brae,74,GB,1585680092,81,60.4,-1.35,281.15,7.7,2020-03-31,89.38399999999999,8.0
La Ronge,100,CA,1585680092,91,55.1,-105.28,260.83,5.62,2020-03-31,89.38399999999999,-12.319999999999993
Coron,13,PH,1585680092,76,12.0,120.2,300.16,3.14,2020-03-31,89.38399999999999,27.010000000000048
Tuburan,20,PH,1585680093,94,6.64,122.27,299.15,2.1,2020-03-31,89.38399999999999,26.0
Micheweni,83,TZ,1585680093,74,-4.97,39.83,302.89,4.89,2020-03-31,89.38399999999999,29.74000000000001
Adrar,50,MR,1585680093,13,20.5,-10.07,306.87,3.84,2020-03-31,89.38399999999999,33.72000000000003
Rogatica,100,BA,1585680093,92,43.8,19.0,268.15,1.0,2020-03-31,89.38399999999999,-5.0
Xinqing,9,CN,1585680093,89,48.23,129.5,270.38,2.26,2020-03-31,89.38399999999999,-2.769999999999982
Yar-Sale,9,RU,1585680094,93,66.83,70.83,261.31,4.86,2020-03-31,89.38399999999999,-11.839999999999975
Casablanca,20,MA,1585680080,59,33.59,-7.62,292.15,7.2,2020-03-31,89.38399999999999,19.0
Rawson,66,AR,1585679818,34,-43.3,-65.1,294.85,9.13,2020-03-31,89.38399999999999,21.700000000000045
Kang,100,BW,1585680094,43,-23.68,22.79,294.36,0.65,2020-03-31,89.38399999999999,21.210000000000036
Kununurra,23,AU,1585679922,78,-15.77,128.73,299.15,1.5,2020-03-31,89.38399999999999,26.0
Porto Tolle,0,IT,1585680095,39,44.95,12.32,282.59,5.1,2020-03-31,89.38399999999999,9.439999999999998
Bayan,2,CN,1585680095,78,46.08,127.4,274.01,2.67,2020-03-31,89.38399999999999,0.8600000000000136
Pangoa,96,PE,1585680095,48,-12.12,-73.0,301.65,1.05,2020-03-31,89.38399999999999,28.5
Morón,75,AR,1585680005,73,-34.65,-58.62,297.04,7.7,2020-03-31,89.38399999999999,23.890000000000043
Pevek,100,RU,1585680096,91,69.7,170.31,254.19,1.8,2020-03-31,89.38399999999999,-18.95999999999998
Kanniyākumāri,26,IN,1585680096,64,8.08,77.57,301.64,2.65,2020-03-31,89.38399999999999,28.49000000000001
Bira,0,RU,1585680096,88,49.0,132.47,270.51,1.32,2020-03-31,89.38399999999999,-2.6399999999999864
Nekā,9,IR,1585680096,71,36.65,53.3,286.15,4.1,2020-03-31,89.38399999999999,13.0
Changde,1,CN,1585680097,82,29.05,111.68,283.49,0.63,2020-03-31,89.38399999999999,10.340000000000032
Shuiji,96,CN,1585680097,85,27.42,118.34,284.55,1.08,2020-03-31,89.38399999999999,11.400000000000034
Ixtapa,75,MX,1585680097,58,20.7,-105.2,301.15,4.1,2020-03-31,89.38399999999999,28.0
Carupano,43,VE,1585680097,50,10.67,-63.26,303.92,4.28,2020-03-31,89.38399999999999,30.77000000000004
Sucúa,90,EC,1585680098,88,-2.47,-78.17,294.15,3.1,2020-03-31,89.38399999999999,21.0
Chunoyar,98,RU,1585680098,86,57.45,97.32,273.93,4.78,2020-03-31,89.38399999999999,0.7800000000000296
Superior,40,US,1585680098,74,46.72,-92.1,279.15,5.7,2020-03-31,89.38399999999999,6.0
Namie,100,JP,1585680098,97,37.48,141.0,284.82,3.8,2020-03-31,89.38399999999999,11.670000000000016
Guarapari,75,BR,1585680099,83,-20.67,-40.5,300.93,3.6,2020-03-31,89.38399999999999,27.78000000000003
Eagle Pass,5,US,1585680099,45,28.71,-100.5,302.15,4.1,2020-03-31,89.38399999999999,29.0
Cheremshan,72,RU,1585680099,80,54.67,51.5,278.09,4.05,2020-03-31,89.38399999999999,4.939999999999998
Pacific Grove,1,US,1585680100,63,36.62,-121.92,291.48,3.6,2020-03-31,89.38399999999999,18.33000000000004
Alzamay,58,RU,1585680100,82,55.56,98.66,273.16,3.79,2020-03-31,89.38399999999999,0.010000000000047748
Eunice,90,US,1585680100,56,30.49,-92.42,295.93,7.2,2020-03-31,89.38399999999999,22.78000000000003
Rybachiy,83,RU,1585680100,45,48.71,44.74,282.15,5.0,2020-03-31,89.38399999999999,9.0
Itamaraju,41,BR,1585680101,76,-17.04,-39.53,301.52,2.45,2020-03-31,89.38399999999999,28.370000000000005
Nhulunbuy,51,AU,1585680101,94,-12.23,136.77,299.15,4.08,2020-03-31,89.38399999999999,26.0
Iwanai,100,JP,1585680101,82,42.97,140.51,275.7,1.34,2020-03-31,89.38399999999999,2.5500000000000114
Changji,0,CN,1585680102,26,44.02,87.32,281.15,3.0,2020-03-31,89.38399999999999,8.0
Piripiri,27,BR,1585680102,68,-4.27,-41.78,303.88,2.48,2020-03-31,89.38399999999999,30.730000000000018
Lompoc,93,US,1585680102,40,34.64,-120.46,295.37,4.1,2020-03-31,89.38399999999999,22.220000000000027
Pacifica,1,US,1585680103,87,37.61,-122.49,290.93,6.2,2020-03-31,89.38399999999999,17.78000000000003
Coolum Beach,7,AU,1585680103,97,-26.53,153.1,294.26,1.54,2020-03-31,89.38399999999999,21.110000000000014
Zambezi,98,ZM,1585680103,62,-13.54,23.1,294.46,0.22,2020-03-31,89.38399999999999,21.310000000000002
Mahon,20,ES,1585680103,87,39.89,4.27,286.15,8.2,2020-03-31,89.38399999999999,13.0
Kérouané,32,GN,1585680104,23,9.27,-9.02,306.97,0.47,2020-03-31,89.38399999999999,33.82000000000005
Koutsouras,75,GR,1585680104,69,35.03,25.95,288.71,4.92,2020-03-31,89.38399999999999,15.560000000000002
Solnechnyy,53,RU,1585680104,87,50.72,136.63,269.87,2.54,2020-03-31,89.38399999999999,-3.2799999999999727
Sibolga,89,ID,1585680104,78,1.74,98.78,298.8,1.37,2020-03-31,89.38399999999999,25.650000000000034
Tarko-Sale,44,RU,1585680105,93,64.92,77.78,262.52,4.37,2020-03-31,89.38399999999999,-10.629999999999995
Songea,20,TZ,1585680105,83,-10.68,35.65,296.15,2.1,2020-03-31,89.38399999999999,23.0
Port-Gentil,34,GA,1585680105,82,-0.72,8.78,301.35,4.86,2020-03-31,89.38399999999999,28.200000000000045
Kosh-Agach,0,RU,1585680105,70,50.0,88.67,259.96,0.79,2020-03-31,89.38399999999999,-13.189999999999998
Odienné,87,CI,1585680106,22,9.51,-7.57,309.0,1.18,2020-03-31,89.38399999999999,35.85000000000002
Rāvar,20,IR,1585680106,19,31.27,56.81,289.83,3.95,2020-03-31,89.38399999999999,16.680000000000007
Imeni Poliny Osipenko,8,RU,1585680106,84,52.42,136.49,271.04,2.84,2020-03-31,89.38399999999999,-2.109999999999957
Ashquelon,41,IL,1585680107,63,31.67,34.57,292.59,6.7,2020-03-31,89.38399999999999,19.439999999999998
Homer,1,US,1585680107,49,59.64,-151.55,271.48,3.6,2020-03-31,89.38399999999999,-1.669999999999959
Talnakh,40,RU,1585680107,92,69.49,88.4,262.15,9.0,2020-03-31,89.38399999999999,-11.0
Kyra,1,RU,1585680108,64,49.58,111.98,269.33,2.11,2020-03-31,89.38399999999999,-3.819999999999993
Evora,20,PT,1585680108,58,38.57,-7.9,285.15,5.7,2020-03-31,89.38399999999999,12.0
Uyemskiy,40,RU,1585680108,49,64.47,40.85,269.15,2.0,2020-03-31,89.38399999999999,-4.0
Entre Rios,99,BR,1585680108,56,-11.94,-38.08,303.39,4.05,2020-03-31,89.38399999999999,30.24000000000001
Laguna,90,US,1585680109,77,38.42,-121.42,292.59,3.1,2020-03-31,89.38399999999999,19.439999999999998
Northam,20,GB,1585680109,53,51.03,-4.22,283.15,6.2,2020-03-31,89.38399999999999,10.0
Mitla,5,MX,1585680109,30,16.92,-96.4,300.15,1.5,2020-03-31,89.38399999999999,27.0
Nanfeng,26,CN,1585680110,87,23.74,111.8,287.56,1.09,2020-03-31,89.38399999999999,14.410000000000025
Constitución,0,CL,1585680110,47,-35.33,-72.42,292.59,7.21,2020-03-31,89.38399999999999,19.439999999999998
Kaitangata,6,NZ,1585680110,92,-46.28,169.85,284.82,1.31,2020-03-31,89.38399999999999,11.670000000000016
Payo,100,ID,1585680111,90,-3.75,103.64,296.82,0.16,2020-03-31,89.38399999999999,23.670000000000016
Griffith,90,US,1585679874,75,41.53,-87.42,279.15,5.1,2020-03-31,89.38399999999999,6.0
Biak,96,ID,1585680111,73,-0.91,122.88,299.71,1.78,2020-03-31,89.38399999999999,26.560000000000002
Tucuruí,100,BR,1585680111,85,-3.77,-49.67,301.12,1.11,2020-03-31,89.38399999999999,27.970000000000027
Grand Gaube,20,MU,1585680112,94,-20.01,57.66,299.15,6.09,2020-03-31,89.38399999999999,26.0
Boca do Acre,99,BR,1585680112,66,-8.75,-67.4,301.67,0.89,2020-03-31,89.38399999999999,28.52000000000004
Escárcega,4,MX,1585680112,30,18.61,-90.75,309.93,2.03,2020-03-31,89.38399999999999,36.78000000000003
Moindou,28,NC,1585680113,82,-21.69,165.68,292.15,0.5,2020-03-31,89.38399999999999,19.0
Karakol,27,KG,1585680113,31,42.49,78.39,278.4,2.29,2020-03-31,89.38399999999999,5.25
Yilan,75,TW,1585680113,94,24.76,121.75,293.71,4.6,2020-03-31,89.38399999999999,20.560000000000002
Zugdidi,9,GE,1585680113,87,42.51,41.87,282.15,2.6,2020-03-31,89.38399999999999,9.0
Nikkō,98,JP,1585680114,98,36.75,139.62,282.04,1.34,2020-03-31,89.38399999999999,8.890000000000043
Port Keats,10,AU,1585680114,71,-14.25,129.55,302.0,1.38,2020-03-31,89.38399999999999,28.850000000000023
Huari,97,PE,1585680115,22,-9.33,-77.23,283.32,2.15,2020-03-31,89.38399999999999,10.170000000000016
Besançon,0,FR,1585680115,37,47.25,6.02,283.15,6.7,2020-03-31,89.38399999999999,10.0
Urengoy,0,RU,1585680116,94,65.97,78.37,260.4,4.41,2020-03-31,89.38399999999999,-12.75
Valdosta,75,US,1585680102,61,30.83,-83.28,301.15,10.3,2020-03-31,89.38399999999999,28.0
Chapulco,0,MX,1585680117,33,18.61,-97.42,299.82,2.24,2020-03-31,89.38399999999999,26.670000000000016
Melenki,100,RU,1585680117,97,55.33,41.63,270.67,5.54,2020-03-31,89.38399999999999,-2.4799999999999613
Omboué,48,GA,1585680118,83,-1.57,9.26,300.58,4.39,2020-03-31,89.38399999999999,27.430000000000007
Manta,20,EC,1585679962,66,-0.95,-80.73,302.15,4.1,2020-03-31,89.38399999999999,29.0
Mékhé,25,SN,1585680118,11,15.11,-16.62,316.15,1.0,2020-03-31,89.38399999999999,43.0
Jacareacanga,79,BR,1585680118,60,-6.22,-57.75,305.03,1.42,2020-03-31,89.38399999999999,31.879999999999995
